<?xml version="1.0" encoding="utf-8" ?><dwsync><file name="patient.php" server="Macintosh HD/Applications/XAMPP/xamppfiles/htdocs/" local="3563471061" remote="3563471061" Dst="-1" /><file name="logout.php" server="Macintosh HD/Applications/XAMPP/xamppfiles/htdocs/" local="3563542393" remote="3563542393" Dst="-1" /><file name="patientProfile.php" server="Macintosh HD/Applications/XAMPP/xamppfiles/htdocs/" local="3563471061" remote="3563471061" Dst="-1" /><file name="common.php" server="Macintosh HD/Applications/XAMPP/xamppfiles/htdocs/" local="3563718386" remote="3563718386" Dst="-1" /><file name="newindex.html" server="Macintosh HD/Applications/XAMPP/xamppfiles/htdocs/" local="3563540605" remote="3563540605" Dst="-1" /><file name="styles.css" server="Macintosh HD/Applications/XAMPP/xamppfiles/htdocs/" local="3563542070" remote="3563542070" Dst="-1" /><file name="direct.php" server="Macintosh HD/Applications/XAMPP/xamppfiles/htdocs/" local="3563471061" remote="3563471061" Dst="-1" /><file name="admin.php" server="Macintosh HD/Applications/XAMPP/xamppfiles/htdocs/" local="3563986755" remote="3563986755" Dst="-1" /><file name="AdminAddJobTitle.php" server="Macintosh HD/Applications/XAMPP/xamppfiles/htdocs/" local="3563987982" remote="3563987982" Dst="-1" /><file name="adminSession.php" server="Macintosh HD/Applications/XAMPP/xamppfiles/htdocs/" local="3563827359" remote="3563827359" Dst="-1" /></dwsync>