<?xml version="1.0" encoding="utf-8" ?><dwsync><file name="templateBackground.jpg" server="Macintosh HD/Applications/XAMPP/xamppfiles/htdocs/" local="3563217007" remote="3563217007" Dst="-1" /><file name="menuBackground.jpg" server="Macintosh HD/Applications/XAMPP/xamppfiles/htdocs/" local="3563217007" remote="3563217007" Dst="-1" /><file name="headerBackground.jpg" server="Macintosh HD/Applications/XAMPP/xamppfiles/htdocs/" local="3563217007" remote="3563217007" Dst="-1" /><file name="b1.jpg" server="Macintosh HD/Applications/XAMPP/xamppfiles/htdocs/" local="3563217007" remote="3563217007" Dst="-1" /><file name="b2.jpg" server="Macintosh HD/Applications/XAMPP/xamppfiles/htdocs/" local="3563217007" remote="3563217007" Dst="-1" /><file name="b3.jpg" server="Macintosh HD/Applications/XAMPP/xamppfiles/htdocs/" local="3563217007" remote="3563217007" Dst="-1" /><file name="loginTitle.jpg" server="Macintosh HD/Applications/XAMPP/xamppfiles/htdocs/" local="3563217007" remote="3563217007" Dst="-1" /><file name="loginBottom.jpg" server="Macintosh HD/Applications/XAMPP/xamppfiles/htdocs/" local="3563217007" remote="3563217007" Dst="-1" /><file name="footer.jpg" server="Macintosh HD/Applications/XAMPP/xamppfiles/htdocs/" local="3563217007" remote="3563217007" Dst="-1" /><file name="Saint_Joseph's_University_seal.png" server="Macintosh HD/Applications/XAMPP/xamppfiles/htdocs/" local="3563471062" remote="3563471062" Dst="-1" /><file name="submit-button-blue-hi.png" server="Macintosh HD/Applications/XAMPP/xamppfiles/htdocs/" local="3563471062" remote="3563471062" Dst="-1" /></dwsync>